{"cameraMode":{"drawMode":0,"name":"Shaded","section":"Shading Mode"},"sceneLighting":true,"audioPlay":false,"sceneViewState":{"m_AlwaysRefresh":false,"showFog":true,"showSkybox":true,"showFlares":true,"showImageEffects":true,"showParticleSystems":true,"showVisualEffectGraphs":true,"m_FxEnabled":true},"in2DMode":false,"pivot":{"x":0.022624969482421876,"y":1.6469519138336182,"z":-0.008640527725219727},"rotation":{"x":0.1268058717250824,"y":0.7568440437316895,"z":-0.1542082577943802,"w":0.6223579049110413},"size":2.7247447967529299,"orthographic":false}